{
  "textures": {
    "all": "manic:keeper/all"
  },
  "elements": [
    {
      "from": [
        2.0,
        4.0,
        -1.0
      ],
      "to": [
        14.0,
        24.0,
        11.0
      ],
      "rotation": {
        "angle": 0.0,
        "axis": "y",
        "origin": [
          0.0,
          0.0,
          0.0
        ]
      },
      "faces": {
        "north": {
          "texture": "#all",
          "tintindex": 0,
          "uv": [
            12.254,
            1.254,
            13.495999999999999,
            3.496
          ]
        },
        "east": {
          "texture": "#all",
          "tintindex": 0,
          "uv": [
            11.004,
            1.254,
            12.245999999999999,
            3.496
          ]
        },
        "south": {
          "texture": "#all",
          "tintindex": 0,
          "uv": [
            14.754,
            1.254,
            15.995999999999999,
            3.496
          ]
        },
        "west": {
          "texture": "#all",
          "tintindex": 0,
          "uv": [
            13.504,
            1.254,
            14.745999999999999,
            3.496
          ]
        },
        "up": {
          "texture": "#all",
          "tintindex": 0,
          "uv": [
            13.496,
            1.246,
            12.254000000000001,
            0.0040000000000000036
          ]
        },
        "down": {
          "texture": "#all",
          "tintindex": 0,
          "uv": [
            0.0,
            0.0,
            0.0,
            0.0
          ]
        }
      }
    },
    {
      "from": [
        14.0,
        24.0,
        11.0
      ],
      "to": [
        2.0,
        4.0,
        -1.0
      ],
      "rotation": {
        "angle": 0.0,
        "axis": "y",
        "origin": [
          0.0,
          0.0,
          0.0
        ]
      },
      "faces": {
        "north": {
          "texture": "#all",
          "tintindex": 0,
          "uv": [
            14.754,
            3.496,
            15.995999999999999,
            1.254
          ]
        },
        "east": {
          "texture": "#all",
          "tintindex": 0,
          "uv": [
            13.504,
            3.496,
            14.745999999999999,
            1.254
          ]
        },
        "south": {
          "texture": "#all",
          "tintindex": 0,
          "uv": [
            12.254,
            3.496,
            13.495999999999999,
            1.254
          ]
        },
        "west": {
          "texture": "#all",
          "tintindex": 0,
          "uv": [
            11.004,
            3.496,
            12.245999999999999,
            1.254
          ]
        },
        "up": {
          "texture": "#all",
          "tintindex": 0,
          "uv": [
            0.0,
            0.0,
            0.0,
            0.0
          ]
        },
        "down": {
          "texture": "#all",
          "tintindex": 0,
          "uv": [
            14.745999999999999,
            0.0040000000000000036,
            13.504,
            1.246
          ]
        }
      }
    },
    {
      "from": [
        3.0,
        11.0,
        0.0
      ],
      "to": [
        13.0,
        23.0,
        10.0
      ],
      "rotation": {
        "angle": 0.0,
        "axis": "y",
        "origin": [
          0.0,
          0.0,
          0.0
        ]
      },
      "faces": {
        "north": {
          "texture": "#all",
          "tintindex": 0,
          "uv": [
            1.254,
            1.254,
            2.496,
            2.746
          ]
        },
        "east": {
          "texture": "#all",
          "tintindex": 0,
          "uv": [
            0.004,
            1.254,
            1.246,
            2.746
          ]
        },
        "south": {
          "texture": "#all",
          "tintindex": 0,
          "uv": [
            3.754,
            1.254,
            4.996,
            2.746
          ]
        },
        "west": {
          "texture": "#all",
          "tintindex": 0,
          "uv": [
            2.504,
            1.254,
            3.746,
            2.746
          ]
        },
        "up": {
          "texture": "#all",
          "tintindex": 0,
          "uv": [
            2.496,
            1.246,
            1.254,
            0.0040000000000000036
          ]
        },
        "down": {
          "texture": "#all",
          "tintindex": 0,
          "uv": [
            2.504,
            0.0040000000000000036,
            3.746,
            1.246
          ]
        }
      }
    }
  ],
  "display": {
    "head": {
      "rotation": [
        0.0,
        0.0,
        0.0
      ],
      "translation": [
        0.0,
        -6.32,
        0.0
      ],
      "scale": [
        1.601,
        1.601,
        1.601
      ]
    }
  }
}