{
  "textures": {
    "all": "manic:keeper/all"
  },
  "elements": [
    {
      "from": [
        18.0,
        23.0,
        13.0
      ],
      "to": [
        -2.0,
        -7.0,
        3.0
      ],
      "rotation": {
        "angle": 0.0,
        "axis": "y",
        "origin": [
          0.0,
          0.0,
          0.0
        ]
      },
      "faces": {
        "north": {
          "texture": "#all",
          "tintindex": 0,
          "uv": [
            13.754,
            7.996,
            15.995999999999999,
            4.5040000000000004
          ]
        },
        "east": {
          "texture": "#all",
          "tintindex": 0,
          "uv": [
            12.754,
            7.996,
            13.745999999999999,
            4.5040000000000004
          ]
        },
        "south": {
          "texture": "#all",
          "tintindex": 0,
          "uv": [
            10.504,
            7.996,
            12.745999999999999,
            4.5040000000000004
          ]
        },
        "west": {
          "texture": "#all",
          "tintindex": 0,
          "uv": [
            9.504,
            7.996,
            10.495999999999999,
            4.5040000000000004
          ]
        },
        "up": {
          "texture": "#all",
          "tintindex": 0,
          "uv": [
            0.0,
            0.0,
            0.0,
            0.0
          ]
        },
        "down": {
          "texture": "#all",
          "tintindex": 0,
          "uv": [
            14.995999999999999,
            3.5040000000000004,
            12.754,
            4.496
          ]
        }
      }
    },
    {
      "from": [
        -2.0,
        -7.0,
        3.0
      ],
      "to": [
        18.0,
        23.0,
        13.0
      ],
      "rotation": {
        "angle": 0.0,
        "axis": "y",
        "origin": [
          0.0,
          0.0,
          0.0
        ]
      },
      "faces": {
        "north": {
          "texture": "#all",
          "tintindex": 0,
          "uv": [
            10.504,
            4.504,
            12.745999999999999,
            7.9959999999999996
          ]
        },
        "east": {
          "texture": "#all",
          "tintindex": 0,
          "uv": [
            9.504,
            4.504,
            10.495999999999999,
            7.9959999999999996
          ]
        },
        "south": {
          "texture": "#all",
          "tintindex": 0,
          "uv": [
            13.754,
            4.504,
            15.995999999999999,
            7.9959999999999996
          ]
        },
        "west": {
          "texture": "#all",
          "tintindex": 0,
          "uv": [
            12.754,
            4.504,
            13.745999999999999,
            7.9959999999999996
          ]
        },
        "up": {
          "texture": "#all",
          "tintindex": 0,
          "uv": [
            12.746,
            4.496,
            10.504000000000001,
            3.5040000000000004
          ]
        },
        "down": {
          "texture": "#all",
          "tintindex": 0,
          "uv": [
            0.0,
            0.0,
            0.0,
            0.0
          ]
        }
      }
    },
    {
      "from": [
        -1.0,
        6.0,
        4.0
      ],
      "to": [
        17.0,
        22.0,
        12.0
      ],
      "rotation": {
        "angle": 0.0,
        "axis": "y",
        "origin": [
          0.0,
          0.0,
          0.0
        ]
      },
      "faces": {
        "north": {
          "texture": "#all",
          "tintindex": 0,
          "uv": [
            1.004,
            4.004,
            3.246,
            5.9959999999999996
          ]
        },
        "east": {
          "texture": "#all",
          "tintindex": 0,
          "uv": [
            0.004,
            4.004,
            0.996,
            5.9959999999999996
          ]
        },
        "south": {
          "texture": "#all",
          "tintindex": 0,
          "uv": [
            4.254,
            4.004,
            6.4959999999999996,
            5.9959999999999996
          ]
        },
        "west": {
          "texture": "#all",
          "tintindex": 0,
          "uv": [
            3.254,
            4.004,
            4.246,
            5.9959999999999996
          ]
        },
        "up": {
          "texture": "#all",
          "tintindex": 0,
          "uv": [
            3.246,
            3.996,
            1.004,
            3.004
          ]
        },
        "down": {
          "texture": "#all",
          "tintindex": 0,
          "uv": [
            3.2540000000000004,
            3.004,
            5.496,
            3.996
          ]
        }
      }
    },
    {
      "from": [
        2.0,
        -2.0,
        5.0
      ],
      "to": [
        14.0,
        6.0,
        11.0
      ],
      "rotation": {
        "angle": 0.0,
        "axis": "y",
        "origin": [
          0.0,
          0.0,
          0.0
        ]
      },
      "faces": {
        "north": {
          "texture": "#all",
          "tintindex": 0,
          "uv": [
            0.754,
            6.754,
            2.246,
            7.7459999999999996
          ]
        },
        "east": {
          "texture": "#all",
          "tintindex": 0,
          "uv": [
            0.004,
            6.754,
            0.746,
            7.7459999999999996
          ]
        },
        "south": {
          "texture": "#all",
          "tintindex": 0,
          "uv": [
            3.004,
            6.754,
            4.496,
            7.7459999999999996
          ]
        },
        "west": {
          "texture": "#all",
          "tintindex": 0,
          "uv": [
            2.254,
            6.754,
            2.996,
            7.7459999999999996
          ]
        },
        "up": {
          "texture": "#all",
          "tintindex": 0,
          "uv": [
            2.246,
            6.746,
            0.754,
            6.0040000000000004
          ]
        },
        "down": {
          "texture": "#all",
          "tintindex": 0,
          "uv": [
            2.254,
            6.0040000000000004,
            3.746,
            6.746
          ]
        }
      }
    }
  ],
  "display": {
    "head": {
      "rotation": [
        0.0,
        0.0,
        0.0
      ],
      "translation": [
        0.0,
        -6.32,
        0.0
      ],
      "scale": [
        1.601,
        1.601,
        1.601
      ]
    }
  }
}